,area,aspect ratio,extent,mean intensity,max intensity,min intensity,orientation,perimeter,solidity,model
0,485.0,4.051710924702564,0.37861046057767367,0.4007344512487066,1.0,0.08954820091983046,0.03284335626115563,167.5685424949238,0.5555555555555556,Ground truth
1,75.0,1.3940739497413874,0.6818181818181818,0.4162733893557423,1.0,0.12873949579831934,1.0673808703133592,30.97056274847714,0.9375,Ground truth
2,85.0,1.3126339037511392,0.7083333333333334,0.3686390827517448,0.6625,0.11567796610169491,0.2656484290746033,33.55634918610404,0.9042553191489362,Ground truth
3,72.0,1.7690690969729586,0.5538461538461539,0.40185624324822805,1.0,0.0706189234052644,0.457789878650031,33.79898987322333,0.9,Ground truth
4,128.0,1.0913978700722045,0.41830065359477125,0.5336175051247011,1.0,0.12931329005807995,-0.926718491368258,68.52691193458118,0.6530612244897959,Ground truth
5,31.0,1.1017655208998336,0.8611111111111112,0.38168910855736077,1.0,0.0806874453830469,0.43273674383599264,18.242640687119284,0.9393939393939394,Ground truth
6,131.0,1.2042814481178656,0.7797619047619048,0.4608172785653702,1.0,0.0992063492063492,-0.44093867233242673,40.384776310850235,0.9562043795620438,Ground truth
7,155.0,1.3332362586311435,0.6512605042016807,0.40292116277083395,1.0,0.08345591840737472,-1.1641474889709913,46.87005768508881,0.9226190476190477,Ground truth
8,108.0,3.2347884738451387,0.4235294117647059,0.5353394658696304,1.0,0.15813528336380256,-0.7035829197256639,48.8700576850888,0.8059701492537313,Ground truth
9,273.0,5.377733422711133,0.5395256916996047,0.4443707334332334,1.0,0.09315814393939394,-0.008392613249744978,112.8050865276332,0.6594202898550725,Ground truth
10,27.0,1.0953352907995169,0.75,0.616015740661146,1.0,0.3217570704031634,-0.13963526624323602,16.48528137423857,0.9642857142857143,Ground truth
11,162.0,3.9534939553697335,0.525974025974026,0.48149677799749124,1.0,0.15724262221220997,0.14870523251520096,71.55634918610404,0.6721991701244814,Ground truth
12,46.0,1.2952630680672996,0.8214285714285714,0.33857778424152674,1.0,0.08119203284172115,1.184806541715739,23.65685424949238,0.9387755102040817,Ground truth
13,43.0,1.8316046061008493,0.5375,0.4478212513902253,1.0,0.09322944653412144,1.156113034450392,25.727922061357855,0.8113207547169812,Ground truth
14,358.0,1.5269410927759552,0.5764895330112721,0.4515810908780758,1.0,0.0717557251908397,0.7200860238388636,87.70458146424488,0.8731707317073171,Ground truth
15,98.0,1.3779517795419955,0.6282051282051282,0.44070964379367067,1.0,0.108881541443393,-0.4770325398718829,38.970562748477136,0.8909090909090909,Ground truth
16,153.0,2.391944724343078,0.5604395604395604,0.3571657829798586,1.0,0.04081632653061224,0.46811180303917405,53.45584412271571,0.8793103448275862,Ground truth
17,136.0,1.341991331974125,0.6476190476190476,0.5349230793782516,1.0,0.16820401519262074,0.5746264999678197,46.04163056034262,0.9066666666666666,Ground truth
18,640.0,3.2277760518246326,0.4134366925064599,0.5552443849670058,0.9352488314544954,0.277426450371185,-0.6118770052204715,125.675144212722,0.9221902017291066,Ground truth
19,171.0,4.317522693025463,0.3717391304347826,0.5131325770126355,1.0,0.17836239666928136,0.6754136049100447,69.94112549695429,0.7916666666666666,Ground truth
20,214.0,1.9791282938661616,0.49537037037037035,0.4318516965606619,1.0,0.1162375732857507,-0.1667936598693765,80.3908729652601,0.6970684039087948,Ground truth
21,51.0,1.73059600452573,0.5151515151515151,0.6207729143385438,1.0,0.24078736552986954,-0.32631539685927574,27.31370849898476,0.7727272727272727,Ground truth
22,94.0,2.5233320994851547,0.618421052631579,0.34829758924563325,1.0,0.06690743204713932,1.5266717205655753,44.79898987322332,0.7966101694915254,Ground truth
23,85.0,1.2468038327906024,0.6439393939393939,0.5118790901760768,1.0,0.07076824992030603,-0.8459441821431374,33.97056274847714,0.9042553191489362,Ground truth
24,65.0,1.698353762055897,0.6770833333333334,0.4629361488185017,1.0,0.10771241830065359,0.2841586790311575,30.14213562373095,0.9285714285714286,Ground truth
25,55.0,1.4456351654757176,0.7857142857142857,0.3678329346092503,1.0,0.07593201754385964,1.4642857828945732,25.899494936611664,0.9649122807017544,Ground truth
26,71.0,1.4408413559076398,0.6574074074074074,0.5414108328618645,1.0,0.22410147991543342,1.4649529717184469,34.14213562373095,0.8452380952380952,Ground truth
27,38.0,1.2024197851936573,0.6785714285714286,0.4217702417321059,0.8866380989481886,0.13108687183482665,0.3675525198272668,21.31370849898476,0.95,Ground truth
28,29.0,1.100394730004124,0.6904761904761905,0.411116359628405,1.0,0.12968036529680366,-1.2186441713329905,18.86396103067893,0.90625,Ground truth
29,57.0,1.4815032381720732,0.7037037037037037,0.394807997912763,1.0,0.10184767913474538,-0.802712638082722,27.31370849898476,0.890625,Ground truth
30,68.0,1.4024971980096688,0.5811965811965812,0.2759705377615621,1.0,0.0464574650649669,-1.2203901056886994,30.97056274847714,0.8947368421052632,Ground truth
31,78.0,1.1691857364205895,0.7878787878787878,0.3267728345388557,1.0,0.08943900978239169,1.5477940183492114,30.14213562373095,0.9629629629629629,Ground truth
32,65.0,1.1187649617557878,0.65,0.360995170748534,0.8018497757847534,0.1412556053811659,-0.34729381420618266,29.556349186104043,0.8783783783783784,Ground truth
33,1071.0,1.725338358558592,0.38032670454545453,0.5392666842877701,1.0,0.0988948710682913,1.388394024825597,197.6812408671319,0.6314858490566038,Ground truth
34,414.0,2.230120218877059,0.368,0.6018841909146331,0.9733979819158695,0.19931856899488926,-1.0503833175771033,135.77564927611036,0.6330275229357798,Ground truth
35,1075.0,2.2421623120689467,0.49402573529411764,0.35220272829051347,1.0,0.06780622470975306,-0.23842056056479652,205.23759005323595,0.7968865826538176,Ground truth
36,504.0,2.23868834751148,0.3130434782608696,0.404262941505656,1.0,0.12363290537327627,0.30028708932163944,146.22539674441617,0.5746864310148233,Ground truth
37,790.0,2.0647012070375577,0.343328987396784,0.3637971644353944,1.0,0.030962384953981594,-0.44354831352709245,261.37972567696687,0.48886138613861385,Ground truth
38,908.0,2.9323618512867196,0.442495126705653,0.3240606128966899,1.0,0.05421210684368579,-0.05118861638283848,176.36753236814712,0.7467105263157895,Ground truth
39,783.0,2.5409616281317846,0.3978658536585366,0.5736106258435508,1.0,0.22387397381850455,0.5571463248789363,147.88225099390857,0.7492822966507177,Ground truth
40,153.0,1.1244700976947775,0.7285714285714285,0.5668120475422708,0.8889730958696476,0.26657824933687,1.281797064999651,44.62741699796952,0.9444444444444444,Ground truth
41,82.0,1.5313216830977314,0.7008547008547008,0.485915333977479,1.0,0.19622362088115514,-1.5075406700686071,33.79898987322333,0.9213483146067416,Ground truth
42,200.0,3.0525075686207837,0.28735632183908044,0.48059532505478453,1.0,0.1848064280496713,0.9069763906021504,91.74011537017762,0.625,Ground truth
43,474.0,1.2014728870606886,0.6583333333333333,0.39644631257164686,0.7753152464654184,0.09476499808941537,1.4919708606430961,88.42640687119285,0.9028571428571428,Ground truth
44,438.0,1.4723660198985966,0.6033057851239669,0.5223706113223684,0.988628762541806,0.15719063545150502,-1.4731170037386179,98.01219330881976,0.8342857142857143,Ground truth
45,322.0,1.1800476321195608,0.706140350877193,0.47075630007465064,1.0,0.11583528624037495,-1.2658416754852795,67.35533905932738,0.9554896142433235,Ground truth
46,1161.0,3.6278952453229296,0.35833333333333334,0.3969117739331816,1.0,0.11005991800693787,0.7427074181568244,180.58683245815342,0.8657718120805369,Ground truth
47,303.0,1.2299197814933378,0.8015873015873016,0.1537970268518501,0.300697510718628,0.06527164522941063,0.5057062798044832,67.04163056034261,0.946875,Ground truth
48,178.0,3.685811670614757,0.4708994708994709,0.5762457407563853,1.0,0.243734335839599,-1.1539531770813634,64.52691193458118,0.9035532994923858,Ground truth
49,119.0,3.808751464529549,0.4160839160839161,0.3642619209846102,1.0,0.138996138996139,1.322921610709602,60.45584412271571,0.7777777777777778,Ground truth
50,1193.0,2.36979780443588,0.6207075962539021,0.42342928948450026,1.0,0.08875219683655536,-1.4504225687323251,153.88225099390857,0.9169869331283628,Ground truth
51,149.0,3.2969327886249986,0.3016194331983806,0.42445193294238354,1.0,0.13506311360448808,-0.5434852048472646,70.14823227814082,0.6898148148148148,Ground truth
52,239.0,3.1944115490451304,0.39052287581699346,0.5502773006877663,1.0,0.09421338155515371,1.2127775949828998,102.08326112068525,0.6289473684210526,Ground truth
53,889.0,3.9858321721174685,0.5153623188405797,0.2977725836437515,1.0,0.031086626566979594,-0.09012817707292813,183.05382386916236,0.7791411042944786,Ground truth
54,541.0,7.881199637717905,0.18401360544217688,0.45816269325762504,1.0,0.06825300156603445,1.2050813350634317,213.44469683442247,0.525242718446602,Ground truth
55,174.0,2.1039144202474134,0.5576923076923077,0.3363611000465552,1.0,0.08717648779061267,-0.23433911846369723,63.11269837220809,0.8093023255813954,Ground truth
56,55.0,1.1171414523602496,0.7638888888888888,0.47415911509561737,1.0,0.13471089038666192,-1.1154146674788146,25.313708498984763,0.9322033898305084,Ground truth
57,183.0,2.317326090295469,0.5027472527472527,0.35312654514626574,1.0,0.12229811921025545,-1.419356588314971,76.94112549695429,0.7093023255813954,Ground truth
58,143.0,3.0239198839410366,0.4673202614379085,0.39107179948764104,1.0,0.13551980198019803,-0.7744309442259001,53.698484809834994,0.9050632911392406,Ground truth
59,107.0,1.358806917775943,0.6948051948051948,0.2743456156520685,1.0,0.07350740063196408,0.08628535044830554,38.384776310850235,0.9385964912280702,Ground truth
60,116.0,1.5581253562577286,0.6373626373626373,0.4441729093795114,1.0,0.07831701728806499,-0.8154739902189116,41.21320343559643,0.9206349206349206,Ground truth
61,83.0,1.065131265873519,0.6287878787878788,0.5468824238423182,1.0,0.18534661685346618,-1.3261046729989527,33.798989873223334,0.9021739130434783,Ground truth
62,635.0,2.7949117776288945,0.48996913580246915,0.39344733134516224,1.0,0.06784741144414169,1.4108024107059993,150.46803743153546,0.6857451403887689,Ground truth
63,366.0,5.438537437053034,0.24126565589980223,0.4520538963049941,1.0,0.09174820011076242,0.8115154694614565,120.05992052357226,0.8079470198675497,Ground truth
64,34.0,1.4308939597688104,0.6071428571428571,0.19477340912679614,0.3842570661613769,0.09158376756671403,0.49162295249679216,20.899494936611664,0.8717948717948718,Ground truth
65,57.0,1.5564907028202637,0.6333333333333333,0.2727207135205937,0.6254349889275546,0.08921227459664663,0.9628273672588562,27.556349186104043,0.890625,Ground truth
66,65.0,1.0576372890347374,0.65,0.4971677241227989,1.0,0.22153553601140955,-1.4803842411292942,29.935028842544398,0.9027777777777778,Ground truth
67,362.0,1.5681990624552924,0.663003663003663,0.29051680020250487,1.0,0.07685922974767596,0.5831781228901487,74.18376618407356,0.9354005167958657,Ground truth
68,147.0,1.4328280522126888,0.8166666666666667,0.19737256355383398,0.43079964850615116,0.0672231985940246,0.3864959812259174,45.31370849898476,0.9423076923076923,Ground truth
0,498.0,1.6758963538545266,0.46325581395348836,0.3305033643456502,1.0,0.0860312020921634,-0.009524860341116225,112.91168824543142,0.7638036809815951,UNet_4-0
1,59.0,1.4327675730547198,0.7375,0.4744338413331434,1.0,0.12403361344537815,1.2577339424008978,26.72792206135785,0.9516129032258065,UNet_4-0
2,24.0,1.224313616367875,0.8,0.445992231638418,0.6625,0.26546610169491525,0.31456326869709006,15.65685424949238,0.9230769230769231,UNet_4-0
3,129.0,2.0050874631871904,0.5512820512820513,0.28455880866114086,1.0,0.05117382025136353,0.6297653554070374,46.2842712474619,0.9020979020979021,UNet_4-0
4,53.0,1.215187506711525,0.828125,0.5087281072126139,1.0,0.2002049880423642,1.0414413678097343,25.071067811865476,0.9636363636363636,UNet_4-0
5,29.0,1.4163814816905946,0.8285714285714286,0.4185592173327843,1.0,0.16632682784736383,-1.5381393550460762,17.656854249492383,0.9666666666666667,UNet_4-0
6,250.0,1.266931274125178,0.6944444444444444,0.374792328042328,1.0,0.0992063492063492,0.32556415191103444,65.1126983722081,0.8896797153024911,UNet_4-0
7,148.0,3.5186165405160734,0.6607142857142857,0.38351074288574283,0.7686838624338624,0.1896494708994709,1.4432790185024573,59.42031021678297,0.896969696969697,UNet_4-0
8,138.0,1.4618637470911968,0.6244343891402715,0.42585273020055625,1.0,0.09228204373835441,-1.2388211588139173,44.284271247461895,0.92,UNet_4-0
9,530.0,1.6967491972541866,0.5773420479302832,0.2915215066744852,1.0,0.06006790284669627,-0.7482999689582486,109.39696961966999,0.8562197092084006,UNet_4-0
10,259.0,3.4896675089325195,0.5534188034188035,0.4305828251140751,1.0,0.12547348484848486,0.02913856817583389,86.90559159102153,0.819620253164557,UNet_4-0
11,38.0,1.2315757863170187,0.7755102040816326,0.5428092495486976,1.0,0.15756898478466433,1.0483702164273099,20.485281374238568,0.95,UNet_4-0
12,325.0,2.347071218595952,0.3532608695652174,0.3865818704836502,1.0,0.06938499662086055,-0.1744266890350019,120.32590180780451,0.647410358565737,UNet_4-0
13,14.0,1.2867174558346433,0.7,0.24159951345598296,0.33480310171810856,0.16816177588566217,-0.4251210954753274,11.071067811865474,1.0,UNet_4-0
14,131.0,3.529880437642209,0.40683229813664595,0.2496393283556971,1.0,0.050326896761441385,1.0872735685417665,59.698484809834994,0.7359550561797753,UNet_4-0
15,47.0,1.90978208803245,0.7121212121212122,0.44699143677043907,1.0,0.09322944653412144,1.296471814023481,24.727922061357855,0.9591836734693877,UNet_4-0
16,94.0,1.4121572146411034,0.6714285714285714,0.4186616858859833,0.8381679389312977,0.15286259541984734,0.14800672670621667,36.87005768508881,0.9494949494949495,UNet_4-0
17,222.0,1.315678753892843,0.7254901960784313,0.29558095320266103,1.0,0.05056435982214115,-0.7144859463885441,55.4558441227157,0.9367088607594937,UNet_4-0
18,93.0,2.2822703359898786,0.58125,0.46166268926925597,1.0,0.1256377551020408,0.47464346101802474,38.62741699796952,0.9207920792079208,UNet_4-0
19,195.0,3.3715610519352515,0.40625,0.3413079954597689,0.7346026945284575,0.1569975254330492,-0.6845277026792124,65.84062043356595,0.9112149532710281,UNet_4-0
20,124.0,3.652950996442818,0.37575757575757573,0.334934078068596,0.5920401429749794,0.2107506186417377,-0.5631198097817394,57.941125496954285,0.8611111111111112,UNet_4-0
21,32.0,1.8279970501373006,0.8,0.2266677550178719,0.44047291723948306,0.09932636788562002,0.23852279339437013,19.656854249492376,0.9411764705882353,UNet_4-0
22,13.0,2.277821915598171,0.65,0.2533499807379008,0.3357871236348277,0.1809569782175828,0.5927382545598746,10.242640687119284,0.9285714285714286,UNet_4-0
23,118.0,1.761547274105597,0.42142857142857143,0.23820038105679345,0.3770590719845532,0.09569782175828154,0.41575973623248313,56.07716446627535,0.686046511627907,UNet_4-0
24,247.0,3.583689884722212,0.4151260504201681,0.45573545817719846,1.0,0.1511598266632679,-0.39846970560680806,86.18376618407356,0.8151815181518152,UNet_4-0
25,116.0,2.0719871081517027,0.7160493827160493,0.4901717429223132,1.0,0.15381094071869994,0.21322654679025818,42.38477631085023,0.9666666666666667,UNet_4-0
26,32.0,1.4147570620944767,0.7619047619047619,0.4758482227713363,1.0,0.19064816574795665,1.1438409990628768,18.48528137423857,0.9696969696969697,UNet_4-0
27,51.0,1.3251093537574068,0.7083333333333334,0.6127872889672287,1.0,0.30698119222186804,-0.49303128783701033,24.727922061357855,0.9272727272727272,UNet_4-0
28,31.0,1.6851134031961674,0.775,0.6155302551127978,1.0,0.28013071895424835,0.16817402880385124,19.071067811865476,0.9393939393939394,UNet_4-0
29,26.0,1.3539666992673578,0.7428571428571429,0.5046706309041835,1.0,0.27110745614035087,1.4841017287282379,16.48528137423857,0.9629629629629629,UNet_4-0
30,23.0,1.5008526202088992,0.7666666666666667,0.6261421086496921,1.0,0.3200845665961945,-0.9895040770011012,15.071067811865474,1.0,UNet_4-0
31,39.0,1.0770158511685515,0.7959183673469388,0.434149411165383,0.8866380989481886,0.1782236073237242,0.614560436662056,20.48528137423857,0.9512195121951219,UNet_4-0
32,23.0,1.3276695203526319,0.7666666666666667,0.38639250690198346,0.5529801324503312,0.25418776782236074,-1.1677894272833707,15.071067811865476,0.9583333333333334,UNet_4-0
33,32.0,1.1260948448132062,0.7619047619047619,0.39500570776255706,1.0,0.12968036529680366,-1.2799325902920575,18.48528137423857,0.9411764705882353,UNet_4-0
34,41.0,1.3079301776443129,0.7321428571428571,0.490816562063773,1.0,0.16493916178458765,-0.9812080508139185,21.899494936611667,0.9318181818181818,UNet_4-0
35,44.0,1.4078545220001906,0.6984126984126984,0.3414189083777218,1.0,0.12343711694042657,-1.1370238848722092,22.727922061357855,0.9565217391304348,UNet_4-0
36,108.0,1.4446872442814034,0.7012987012987013,0.27477503456740826,1.0,0.05857456578159313,1.2898489880487691,38.384776310850235,0.9230769230769231,UNet_4-0
37,72.0,1.2183815607785033,0.8,0.3447387269556552,0.8018497757847534,0.1412556053811659,0.470002023690272,29.899494936611664,0.935064935064935,UNet_4-0
38,1078.0,1.19583473843881,0.5157894736842106,0.4352401333031216,1.0,0.07388778690847266,-1.4955495322827521,174.16042558696057,0.7672597864768683,UNet_4-0
39,314.0,1.465143632644343,0.5935727788279773,0.5815747366382682,0.9719564932512121,0.1923732145197222,-0.7277542813331793,79.01219330881975,0.8746518105849582,UNet_4-0
40,1580.0,1.6085686421866796,0.6021341463414634,0.2769084637268507,1.0,0.043035964149302275,-0.31276291103511067,184.75230867899734,0.8987485779294653,UNet_4-0
41,1508.0,1.2000258455222383,0.5495626822157434,0.22669641629624904,1.0,0.03474628082331364,0.4004530496077914,182.30256121069155,0.8736964078794901,UNet_4-0
42,2494.0,1.877486002862725,0.6018339768339769,0.18678215071112644,1.0,0.019282713085234094,-0.5568421569499034,224.89444430272835,0.9115497076023392,UNet_4-0
43,1252.0,2.1175198945639946,0.6520833333333333,0.2730454727470029,1.0,0.05531847637110795,-0.08142280262796196,165.23149339882607,0.9239852398523986,UNet_4-0
44,38.0,1.8765427734412328,0.8444444444444444,0.3658577884693985,0.5369425338362547,0.2540492567117817,-1.5584371009237576,23.656854249492383,0.95,UNet_4-0
45,592.0,2.487512724572715,0.43023255813953487,0.48739385880222363,0.9285555802085644,0.19480807632571556,0.5926650257525975,134.05382386916236,0.7708333333333334,UNet_4-0
46,203.0,1.5872396998801916,0.712280701754386,0.5668935277394593,0.8889730958696476,0.28931413414172036,1.174294793118446,52.8700576850888,0.9530516431924883,UNet_4-0
47,84.0,2.5383967515597146,0.7058823529411765,0.49955263482660744,1.0,0.26527212143650497,-1.4579266554562027,38.72792206135785,0.9130434782608695,UNet_4-0
48,144.0,2.031892937565733,0.4458204334365325,0.5333999540080622,1.0,0.2055028000973947,0.790871426521337,56.52691193458118,0.8470588235294118,UNet_4-0
49,113.0,1.5046095148096046,0.6208791208791209,0.4730235593684588,0.7753152464654184,0.15628582346197936,-0.9302873383052921,41.4558441227157,0.904,UNet_4-0
50,397.0,1.3305841946573187,0.6683501683501684,0.5264205622435827,0.988628762541806,0.15719063545150502,-1.0555710637489943,80.42640687119285,0.9254079254079254,UNet_4-0
51,218.0,1.3120891211085022,0.7266666666666667,0.5188722998436651,1.0,0.16973552058921995,-1.4543995820370936,56.62741699796952,0.9121338912133892,UNet_4-0
52,24.0,1.9633607129436716,0.75,0.2300536108483128,0.3216650898770104,0.1543677073478398,1.34739248829353,17.071067811865476,1.0,UNet_4-0
53,996.0,1.5966366056361383,0.5925044616299822,0.4280540642544951,1.0,0.13544623147272153,0.8703861759431305,140.36753236814715,0.8932735426008969,UNet_4-0
54,188.0,1.2907591972790866,0.8392857142857143,0.17284323776769342,0.300697510718628,0.0858770077430089,0.6675386209908815,50.14213562373095,0.9641025641025641,UNet_4-0
55,799.0,3.109716242577593,0.4851244687310261,0.308241269632153,1.0,0.06892230576441102,-1.2329908448035685,149.7462120245875,0.8419388830347735,UNet_4-0
56,199.0,4.28009706823347,0.35535714285714287,0.3003240138918531,1.0,0.07963320463320463,1.3211217181258839,88.14823227814082,0.6677852348993288,UNet_4-0
57,363.0,4.206697232564412,0.42705882352941177,0.5419339585340543,1.0,0.20093731693028705,-1.4827070100869142,130.42640687119285,0.605,UNet_4-0
58,210.0,2.575094174316855,0.5384615384615384,0.37406531757162886,1.0,0.0973352033660589,-0.40367010710647416,65.698484809835,0.8936170212765957,UNet_4-0
59,33.0,1.5324494666764281,0.6111111111111112,0.27944544906570223,0.5401446654611212,0.16690777576853527,1.335147840287421,20.14213562373095,0.9428571428571428,UNet_4-0
60,10.0,1.2649110640673515,0.8333333333333334,0.4583905967450271,0.52875226039783,0.2938517179023508,1.5707963267948966,8.82842712474619,1.0,UNet_4-0
61,156.0,3.8665681111651655,0.4642857142857143,0.6172474150322252,1.0,0.20361663652802894,1.1862291372445126,63.248737341529164,0.8715083798882681,UNet_4-0
62,11.0,1.8821192526925417,0.7333333333333333,0.26907775768535264,0.3783001808318264,0.18788426763110308,0.14189705460416394,9.414213562373096,0.9166666666666666,UNet_4-0
63,1200.0,2.414014904208296,0.6211180124223602,0.24903371933966686,1.0,0.04120523919275957,-0.07686817300039138,163.53910524340094,0.9287925696594427,UNet_4-0
64,1007.0,1.7788699384837021,0.43593073593073595,0.15095104237278326,0.9380981381590395,0.026840090481990604,1.2937896208367627,243.0304832720494,0.6699933466400533,UNet_4-0
65,7.0,1.0801234497346432,0.7777777777777778,0.13586591762161626,0.22694449277884113,0.06873151209326606,0.0,6.82842712474619,1.0,UNet_4-0
66,723.0,1.7319839509712864,0.5793269230769231,0.13678975253190503,1.0,0.015704050299751426,-0.1897062284640553,122.39696961966999,0.8731884057971014,UNet_4-0
67,70.0,1.1871003970665717,0.7777777777777778,0.42540794608017024,1.0,0.166814473217453,-0.49714798299013796,28.142135623730947,0.9722222222222222,UNet_4-0
68,367.0,2.5126601574976517,0.5734375,0.25404799281206714,1.0,0.059137269579863386,-1.4359946407819075,98.97665940288702,0.8284424379232506,UNet_4-0
69,339.0,3.0033302785906493,0.3988235294117647,0.2974634189082625,1.0,0.09146039603960396,-1.0142045884786155,100.70458146424487,0.7583892617449665,UNet_4-0
70,83.0,1.2476155047148934,0.7545454545454545,0.2975060060631684,1.0,0.07350740063196408,0.21533786343427455,32.14213562373095,0.9431818181818182,UNet_4-0
71,126.0,1.6078766378191747,0.75,0.45086093175032976,1.0,0.14757342220370756,-0.9380795424773783,40.97056274847714,0.9545454545454546,UNet_4-0
72,1189.0,2.0319857555725056,0.5464154411764706,0.29214300937522203,1.0,0.0664850136239782,1.3922722398079013,178.71677477306463,0.848074179743224,UNet_4-0
73,213.0,1.1999807997689902,0.7395833333333334,0.08605194594755941,0.16548592188919165,0.02851952770208901,-0.8938944843136839,55.45584412271571,0.9301310043668122,UNet_4-0
74,195.0,4.2469265238496945,0.3056426332288401,0.5914637205757752,1.0,0.2329702787520768,0.8201378422546033,72.91168824543142,0.8333333333333334,UNet_4-0
75,27.0,1.3423127828033015,0.6428571428571429,0.21449374528483955,0.3842570661613769,0.09158376756671403,0.43639415374118273,17.31370849898476,0.9310344827586207,UNet_4-0
76,58.0,1.4446375541506598,0.7160493827160493,0.28088557745802833,0.6254349889275546,0.08921227459664663,0.8342591698512274,27.31370849898476,0.90625,UNet_4-0
77,41.0,1.009226990095888,0.8367346938775511,0.5948506264240204,1.0,0.3011647254575707,1.5707963267948966,20.48528137423857,1.0,UNet_4-0
78,400.0,1.4051489840322355,0.6688963210702341,0.2815209993359894,1.0,0.0674800796812749,0.7535040882188343,75.84062043356595,0.9523809523809523,UNet_4-0
79,72.0,1.2060473402563878,0.8,0.18164075213174508,0.28317223198594027,0.08142940831868775,0.44347677931867346,29.31370849898476,0.935064935064935,UNet_4-0
0,428.0,2.022762934571529,0.4246031746031746,0.3583809584812095,1.0,0.09333573811885652,0.030933886656367805,109.9827560572969,0.6982055464926591,UNet_1-0
1,57.0,1.4788873083865144,0.7125,0.48120005897095686,1.0,0.1242016806722689,1.2293845556634324,26.14213562373095,0.95,UNet_1-0
2,38.0,1.3015408548096594,0.7916666666666666,0.42684545049063327,0.6625,0.26546610169491525,-0.038920774123660365,21.071067811865476,0.95,UNet_1-0
3,121.0,1.8288891395178077,0.6302083333333334,0.2948753275310285,1.0,0.05117382025136353,0.5708123331643324,43.79898987322333,0.9307692307692308,UNet_1-0
4,56.0,1.1342627614136283,0.7777777777777778,0.48479977060861923,1.0,0.12931329005807995,0.9993112187058207,25.313708498984763,0.9491525423728814,UNet_1-0
5,28.0,1.3917401145276185,0.8,0.4275675169572635,1.0,0.23696475385959803,-1.4477942800707295,17.071067811865476,1.0,UNet_1-0
6,289.0,1.2561614914272963,0.6613272311212814,0.3287632046282566,1.0,0.058366402116402115,-0.1661725665556493,82.84062043356596,0.8352601156069365,UNet_1-0
7,192.0,2.9440382582503624,0.6620689655172414,0.35273626956569665,0.7686838624338624,0.16005291005291006,1.4395262340856503,62.17766952966368,0.9365853658536586,UNet_1-0
8,144.0,1.3787516840679046,0.6923076923076923,0.4152194817647892,1.0,0.09228204373835441,-1.200116713061172,44.04163056034262,0.935064935064935,UNet_1-0
9,413.0,1.4933956111724516,0.6353846153846154,0.3101663929600595,1.0,0.06006790284669627,-0.8940935024528321,87.59797974644665,0.8768577494692145,UNet_1-0
10,190.0,2.4914015342615423,0.5571847507331378,0.4576735695773524,1.0,0.12547348484848486,0.003666000313187906,63.834523779156065,0.852017937219731,UNet_1-0
11,22.0,1.4106985478148213,0.7333333333333333,0.6398177598211984,1.0,0.2824722771426115,-0.3399008138828779,15.65685424949238,0.9565217391304348,UNet_1-0
12,64.0,1.991783658155567,0.5925925925925926,0.4842236427123226,0.8497409326424871,0.24127055643162876,-0.5109128422599971,31.14213562373095,0.8888888888888888,UNet_1-0
13,27.0,2.4436798897800154,0.675,0.20537658631823982,0.35593602162649246,0.08132462266276189,-0.16496997569031815,20.035533905932738,0.8709677419354839,UNet_1-0
14,11.0,1.4168976552472359,0.9166666666666666,0.25282319930335745,0.33480310171810856,0.18458263646039227,-0.26303320949838166,9.414213562373096,1.0,UNet_1-0
15,108.0,2.8882767318788276,0.4909090909090909,0.24409276997843213,1.0,0.050326896761441385,1.2291649993784457,48.42031021678298,0.8709677419354839,UNet_1-0
16,42.0,1.6893450344716612,0.7,0.47397712443386814,1.0,0.17141321869962386,1.3035201018557754,22.727922061357855,0.9545454545454546,UNet_1-0
17,71.0,1.5956448041246554,0.6826923076923077,0.39229115148908716,0.8381679389312977,0.16106870229007633,0.07965764180222636,30.970562748477143,0.9342105263157895,UNet_1-0
18,235.0,1.3604299877504922,0.6871345029239766,0.2874916613501456,1.0,0.050108311481016986,-0.7392384706883167,57.698484809834994,0.9362549800796812,UNet_1-0
19,95.0,2.649637168299861,0.5277777777777778,0.458515708915145,1.0,0.1714498299319728,0.48290639343328445,42.798989873223334,0.8796296296296297,UNet_1-0
20,225.0,2.9093565569391777,0.47368421052631576,0.3574414199737268,0.748625240582898,0.1503299422601045,-0.6447130787160879,67.01219330881976,0.9259259259259259,UNet_1-0
21,230.0,2.89752650791134,0.45634920634920634,0.3450995803995171,0.7222985977453945,0.1717074511960407,-0.7328834485492876,70.42640687119285,0.8949416342412452,UNet_1-0
22,20.0,1.7106819892410376,0.8333333333333334,0.2572174869397855,0.44047291723948306,0.14586197415452296,0.282207446931227,14.82842712474619,0.9523809523809523,UNet_1-0
23,67.0,1.1890459679981062,0.39644970414201186,0.24992907903612335,0.3526820732516744,0.16864780063959453,0.7686931517704831,44.00609665440988,0.67,UNet_1-0
24,174.0,2.385236174744304,0.6041666666666666,0.46718878643777784,1.0,0.13076726994646953,-0.2299672394994578,58.21320343559643,0.8877551020408163,UNet_1-0
25,57.0,2.2910172600976124,0.6263736263736264,0.5954271120694848,1.0,0.25131609063859006,0.34278792536093705,29.556349186104043,0.9344262295081968,UNet_1-0
26,25.0,1.8126599987353866,0.7142857142857143,0.49579927770385857,1.0,0.19064816574795665,1.1628142366348395,17.071067811865476,0.9259259259259259,UNet_1-0
27,56.0,1.345610839631495,0.7777777777777778,0.593395646431987,1.0,0.30698119222186804,-0.6032511882977724,25.313708498984756,0.9824561403508771,UNet_1-0
28,29.0,1.7447614301131604,0.725,0.6316835699797159,1.0,0.28013071895424835,0.07791564324974304,19.071067811865476,0.90625,UNet_1-0
29,26.0,1.3539666992673578,0.7428571428571429,0.5046706309041835,1.0,0.27110745614035087,1.4841017287282379,16.48528137423857,0.9629629629629629,UNet_1-0
30,14.0,1.0214055172991923,0.875,0.6700694654183027,1.0,0.3200845665961945,0.0,10.82842712474619,1.0,UNet_1-0
31,38.0,1.146940184118188,0.7755102040816326,0.4363326020544152,0.8866380989481886,0.1782236073237242,0.9188169279863002,20.48528137423857,0.926829268292683,UNet_1-0
32,24.0,1.431244835278755,0.8,0.3835621997143228,0.5529801324503312,0.25418776782236074,-1.0966160397587164,15.656854249492381,0.96,UNet_1-0
33,38.0,1.1858929455583922,0.7755102040816326,0.37108267243451093,1.0,0.12968036529680366,-0.9001859218175385,20.48528137423857,0.95,UNet_1-0
34,9.0,1.3900313928751953,0.75,0.614591157177908,1.0,0.4245155475439387,1.2164831907310614,8.242640687119284,1.0,UNet_1-0
35,36.0,1.9470699773048623,0.6666666666666666,0.3865735065784098,1.0,0.15444962000490317,-1.2270122133024461,21.899494936611667,0.9,UNet_1-0
36,112.0,1.3459180112030573,0.7272727272727273,0.26612882525739384,1.0,0.05857456578159313,1.2314092554442209,38.384776310850235,0.9333333333333333,UNet_1-0
37,73.0,1.1670723726300385,0.8111111111111111,0.33967842005037163,0.8018497757847534,0.1412556053811659,0.19710684849711577,29.31370849898476,0.948051948051948,UNet_1-0
38,1349.0,1.105299193343073,0.5574380165289257,0.39647579590981935,1.0,0.035349957495041086,1.529756955717994,190.16652224137047,0.832716049382716,UNet_1-0
39,300.0,1.6722254519681985,0.6,0.5963936574498755,0.9719564932512121,0.1923732145197222,-0.9015580029687693,73.1126983722081,0.8955223880597015,UNet_1-0
40,1548.0,1.3459573663786382,0.6206896551724138,0.25219967555390216,1.0,0.043035964149302275,-0.3034456711934218,194.40916292848974,0.8815489749430524,UNet_1-0
41,13.0,2.5808240716166715,0.7222222222222222,0.03448346079666278,0.048443822561736564,0.022955035359074234,-0.16301506442030414,12.863961030678926,0.8125,UNet_1-0
42,9.0,2.081665999466133,0.5625,0.037073453592002925,0.049502703929206214,0.02828725938811784,-0.7853981633974483,6.242640687119286,1.0,UNet_1-0
43,1538.0,1.2472637552941126,0.6031372549019608,0.22276611996573634,1.0,0.03474628082331364,0.781033967741639,166.8528137423857,0.9298669891172914,UNet_1-0
44,3133.0,1.5339458840104547,0.672029172029172,0.15684156682143013,1.0,0.011879751900760304,-0.6505456867397295,251.75840533340727,0.9013233601841196,UNet_1-0
45,816.0,2.794814833605406,0.5021538461538462,0.3298779623276527,1.0,0.0687529634898056,-0.13845431615084489,224.95331880577402,0.7331536388140162,UNet_1-0
46,155.0,2.606108150663315,0.4341736694677871,0.6136318415081916,0.9001553139560683,0.28644331040603505,0.6141406712306113,69.5269119345812,0.7673267326732673,UNet_1-0
47,116.0,1.479546259141165,0.6444444444444445,0.6174197384066588,0.8889730958696476,0.3774156877605154,1.087268933882396,40.87005768508881,0.9133858267716536,UNet_1-0
48,82.0,1.977193779233137,0.6833333333333333,0.4988012569870238,1.0,0.19622362088115514,-1.4639423013986634,35.9350288425444,0.9111111111111111,UNet_1-0
49,18.0,3.5705072436424614,0.42857142857142855,0.7741390038687337,1.0,0.6130995860725591,0.7882462338600196,10.449747468305834,0.9,UNet_1-0
50,93.0,1.9325087578702973,0.5961538461538461,0.49079837785200986,0.7753152464654184,0.25105082155139474,-0.7981184094237129,38.62741699796952,0.9029126213592233,UNet_1-0
51,374.0,1.4351146517362898,0.6022544283413849,0.5291533274909234,0.988628762541806,0.15719063545150502,-0.985118202016391,82.32590180780453,0.9121951219512195,UNet_1-0
52,459.0,1.520732847625003,0.7050691244239631,0.42118096355084084,1.0,0.07700033478406428,-1.4895201167449068,85.59797974644667,0.9272727272727272,UNet_1-0
53,11.0,1.4168976552472359,0.9166666666666666,0.25187064591038105,0.3216650898770104,0.2097130242825607,1.307763117296515,9.414213562373096,1.0,UNet_1-0
54,860.0,1.7971659809385365,0.6485671191553545,0.4472508855690744,1.0,0.15925575528224534,0.7327773314975522,126.22539674441617,0.9227467811158798,UNet_1-0
55,15.0,1.1470786693528088,0.9375,0.1468096289288342,0.22437716808577735,0.10816777041942605,0.7853981633974486,11.414213562373096,1.0,UNet_1-0
56,254.0,1.3210817615240147,0.7839506172839507,0.1598845426525562,0.300697510718628,0.06898317015422026,0.6609682563096958,58.62741699796952,0.9584905660377359,UNet_1-0
57,685.0,2.6642313546914695,0.6078083407275954,0.3236726243833428,1.0,0.07685881370091896,-1.2546646784014235,123.74011537017762,0.9145527369826435,UNet_1-0
58,118.0,2.8198466296220337,0.5959595959595959,0.3592178740483825,1.0,0.09009009009009009,1.334028528649002,49.79898987322332,0.8939393939393939,UNet_1-0
59,1313.0,1.9620996452980264,0.6617943548387096,0.4054031805776225,1.0,0.08875219683655536,-1.504352690588018,169.8528137423857,0.8871621621621621,UNet_1-0
60,251.0,2.676585897323503,0.4121510673234811,0.343209490229824,1.0,0.0973352033660589,-0.5457361026314368,79.25483399593904,0.8508474576271187,UNet_1-0
61,32.0,1.9804177688622073,0.64,0.2858612115732369,0.5401446654611212,0.16690777576853527,1.3815248582618227,19.27817459305202,0.8888888888888888,UNet_1-0
62,141.0,1.866614172124678,0.5300751879699248,0.5806394521180409,1.0,0.13887884267631104,1.3778085109419764,64.2842712474619,0.7121212121212122,UNet_1-0
63,697.0,4.197775345240849,0.44002525252525254,0.33667364764371255,1.0,0.07229186575973917,-0.10866311680281295,173.05382386916236,0.7375661375661375,UNet_1-0
64,486.0,3.5630198700678077,0.3565663976522377,0.11748713409966625,0.5463720201844441,0.02262049765094832,1.0023380185249784,120.81118318204308,0.8181818181818182,UNet_1-0
65,375.0,4.675527803721983,0.45018007202881155,0.09548819674032828,0.44283974247433444,0.026840090481990604,1.2955263306691531,114.08326112068522,0.8223684210526315,UNet_1-0
66,563.0,1.9259111469020442,0.5970307529162248,0.15968249177933372,1.0,0.024126334259394647,-0.23204804903822082,108.1543289325507,0.8922345483359746,UNet_1-0
67,69.0,1.3074939192470545,0.696969696969697,0.42542195557063606,1.0,0.13471089038666192,-0.178683099874447,30.14213562373095,0.8846153846153846,UNet_1-0
68,272.0,2.1122748795896915,0.5494949494949495,0.29288745534706817,1.0,0.06793300271357725,-1.4743062582751811,74.18376618407358,0.8774193548387097,UNet_1-0
69,480.0,1.941933610250292,0.5594405594405595,0.24892404084158415,1.0,0.06485148514851485,-0.9145660307883157,98.32590180780451,0.8679927667269439,UNet_1-0
70,72.0,1.114488767228162,0.8,0.3190390727497829,1.0,0.08232163645434891,0.30463754049930303,28.72792206135785,0.972972972972973,UNet_1-0
71,122.0,1.398609751662155,0.7261904761904762,0.4406348062732831,1.0,0.14757342220370756,-0.9319293975291415,39.798989873223334,0.953125,UNet_1-0
72,2345.0,1.5745419381252874,0.6012820512820513,0.19893324347511177,1.0,0.03115349682107175,1.4924939746780508,229.3441917710342,0.8805858054825385,UNet_1-0
73,22.0,1.8235156496826619,0.6285714285714286,0.07085707208323012,0.10408719346049046,0.0444141689373297,1.3213741591012444,16.449747468305834,0.8461538461538461,UNet_1-0
74,16.0,1.281627803561223,0.8,0.06770549500454133,0.09654859218891916,0.044141689373297,0.4537966670444017,12.242640687119284,0.9411764705882353,UNet_1-0
75,222.0,1.125430329194919,0.6873065015479877,0.08409185752510002,0.16548592188919165,0.02851952770208901,0.34940288366317795,61.2842712474619,0.8671875,UNet_1-0
76,197.0,4.46042141970896,0.28304597701149425,0.5902427870897128,1.0,0.25881484216355916,0.835463550035598,77.66904755831213,0.788,UNet_1-0
77,46.0,3.354789329461584,0.38333333333333336,0.4775706110393206,0.6392837363854532,0.27062949972309397,0.9243369310491972,30.79898987322333,0.8214285714285714,UNet_1-0
78,11.0,1.15311332039411,0.6875,0.2716291288058223,0.3842570661613769,0.18214116532449076,0.32175055439664213,9.65685424949238,0.9166666666666666,UNet_1-0
79,33.0,1.341230539014597,0.7857142857142857,0.3222513013718329,0.6254349889275546,0.14236001265422335,0.8914348657878904,19.071067811865476,0.9705882352941176,UNet_1-0
80,91.0,1.068482476384496,0.8272727272727273,0.4419113095129259,1.0,0.17209412883289754,-1.080935236955839,32.72792206135785,0.9578947368421052,UNet_1-0
81,373.0,1.4884023329170941,0.6279461279461279,0.29237762978470394,1.0,0.0970285524568393,0.5531563254743623,79.39087296526012,0.9142156862745098,UNet_1-0
82,24.0,1.7365154715432296,0.6857142857142857,0.054839669101372286,0.09246347941567065,0.02805444887118194,0.47465811183158907,18.035533905932738,0.8275862068965517,UNet_1-0
83,23.0,1.3307904647297646,0.7666666666666667,0.20265021267924915,0.2655243116578793,0.13437316930287052,0.33399594417124395,15.071067811865476,0.9583333333333334,UNet_1-0
0,536.0,1.58476502523369,0.4908424908424908,0.3161345181388575,1.0,0.07854630715123095,0.011482836109185737,113.88225099390857,0.7768115942028986,UNet_1-64
1,69.0,1.4225881792433992,0.7840909090909091,0.4491584459870904,1.0,0.12403361344537815,1.3687024247599189,29.899494936611664,0.9324324324324325,UNet_1-64
2,33.0,1.3199262157729388,0.6875,0.4279661016949152,0.6625,0.25084745762711863,0.386767156632573,20.071067811865476,0.9166666666666666,UNet_1-64
3,130.0,1.7303774390580942,0.5882352941176471,0.2797676073037704,1.0,0.05117382025136353,0.6149337534018732,45.45584412271571,0.9219858156028369,UNet_1-64
4,60.0,1.2732540483647463,0.75,0.46764035986789665,1.0,0.12931329005807995,1.2737175298824264,26.727922061357855,0.9230769230769231,UNet_1-64
5,42.0,1.3682995429637972,0.75,0.3672062474858863,1.0,0.0806874453830469,-1.2543365802087925,22.071067811865476,0.9130434782608695,UNet_1-64
6,312.0,1.0716234851188855,0.8642659279778393,0.35534421211504547,1.0,0.09507275132275132,0.10854779862530464,68.17766952966369,0.9313432835820895,UNet_1-64
7,117.0,3.8229888061482087,0.6190476190476191,0.38923088228643793,0.7686838624338624,0.15641534391534392,1.5215950732341308,58.59188309203678,0.841726618705036,UNet_1-64
8,163.0,1.3118704484751793,0.63671875,0.39330225237664634,1.0,0.12062371285672256,-1.0077844924709618,47.2842712474619,0.9421965317919075,UNet_1-64
9,97.0,1.9815444446353112,0.5878787878787879,0.25212095430154574,0.488508749020632,0.11256202663880908,-1.11314925950411,43.935028842544405,0.8508771929824561,UNet_1-64
10,92.0,2.5157077471486144,0.7301587301587301,0.2836987747964618,0.6956124314442413,0.09219117262992949,-0.11384483313363071,40.142135623730944,0.9387755102040817,UNet_1-64
11,110.0,1.5327420042501012,0.4888888888888889,0.3874071084308745,1.0,0.10080961086445547,-0.8657120881567419,58.112698372208094,0.7432432432432432,UNet_1-64
12,181.0,1.4718470412234068,0.7327935222672065,0.40483412334672697,1.0,0.0986032196969697,0.11599226638365955,53.21320343559642,0.9282051282051282,UNet_1-64
13,27.0,1.2571383114483812,0.9,0.5374843596282606,1.0,0.15756898478466433,-0.12550134332151733,16.82842712474619,0.9642857142857143,UNet_1-64
14,142.0,2.258041073639574,0.3641025641025641,0.4132052962061625,0.8497409326424871,0.1119621536382068,-0.2860854982566214,74.42640687119285,0.6228070175438597,UNet_1-64
15,19.0,1.895007227058661,0.6333333333333333,0.22995606699583077,0.3431655770107952,0.1348639197202372,0.8815959641554095,15.071067811865476,1.0,UNet_1-64
16,99.0,1.3864712736503948,0.7071428571428572,0.4118841082581541,0.8381679389312977,0.15286259541984734,0.1686893197199675,35.79898987322333,0.9611650485436893,UNet_1-64
17,266.0,1.3410426415876076,0.7388888888888889,0.2704315228842829,1.0,0.050108311481016986,-0.6793731742326643,61.698484809834994,0.953405017921147,UNet_1-64
18,117.0,2.49530267011123,0.5909090909090909,0.417139986336415,1.0,0.1256377551020408,0.47083686871778646,45.21320343559643,0.8863636363636364,UNet_1-64
19,50.0,2.8666619944224165,0.4807692307692308,0.32841490239208143,0.4809595820731372,0.2097195490789112,-0.5332451781780424,31.556349186104047,0.8620689655172413,UNet_1-64
20,15.0,2.0151249559193025,0.8333333333333334,0.27495646595179185,0.44047291723948306,0.16311520483915315,0.18429563365630597,12.82842712474619,1.0,UNet_1-64
21,17.0,1.1898439470535673,0.5666666666666667,0.24024192432056393,0.3526820732516744,0.1484945393109274,0.8039082213344132,14.86396103067893,0.8947368421052632,UNet_1-64
22,92.0,1.9850291916942056,0.71875,0.552075829278835,1.0,0.24573030843742033,-0.10335819452706846,38.14213562373095,0.92,UNet_1-64
23,143.0,1.7864573160920787,0.7222222222222222,0.45336741537245084,1.0,0.15381094071869994,0.2236470654396923,45.21320343559643,0.9470198675496688,UNet_1-64
24,30.0,1.4908053626487179,0.7142857142857143,0.49020465057340185,1.0,0.2558448964075271,1.2256112167396884,18.485281374238568,0.9090909090909091,UNet_1-64
25,42.0,1.4824153001364864,0.75,0.6325045159919244,1.0,0.30698119222186804,-0.585270345870584,21.899494936611667,0.9333333333333333,UNet_1-64
26,29.0,1.487596394123164,0.725,0.6075816993464053,1.0,0.28013071895424835,0.062413866622302736,17.899494936611667,0.9666666666666667,UNet_1-64
27,33.0,1.260373004721672,0.7857142857142857,0.45073265550239233,1.0,0.13020833333333334,-1.4917942357563179,19.071067811865476,0.9166666666666666,UNet_1-64
28,39.0,1.5116037421111166,0.6190476190476191,0.6163170163170163,1.0,0.3200845665961945,-1.2020581473455483,22.10660171779821,0.8478260869565217,UNet_1-64
29,34.0,1.055005349486425,0.6938775510204082,0.45966337450445705,0.8866380989481886,0.1782236073237242,1.2990575294383748,19.31370849898476,0.918918918918919,UNet_1-64
30,25.0,1.5010265184488178,0.7142857142857143,0.3794234514998053,0.5529801324503312,0.25418776782236074,-1.2058840719280228,16.485281374238568,0.9615384615384616,UNet_1-64
31,33.0,1.139045083194527,0.7857142857142857,0.3937525944375259,1.0,0.12968036529680366,-1.05000025274407,19.071067811865476,1.0,UNet_1-64
32,77.0,1.1247642431364615,0.7,0.36551506177463816,1.0,0.13226678684091933,-0.7321536732042989,30.970562748477143,0.927710843373494,UNet_1-64
33,46.0,1.7587489009514627,0.6571428571428571,0.3453158809171046,1.0,0.12343711694042657,-1.260801664698481,25.31370849898476,0.8846153846153846,UNet_1-64
34,121.0,1.3689008961713982,0.7857142857142857,0.25438904187338823,1.0,0.05857456578159313,1.4948257642999279,40.142135623730944,0.9307692307692308,UNet_1-64
35,60.0,1.2453900094553705,0.75,0.3609678624813154,0.8018497757847534,0.1412556053811659,0.16044036863882302,26.727922061357855,0.9375,UNet_1-64
36,620.0,1.396697283018951,0.3808353808353808,0.4667916297223923,1.0,0.06439501275148768,-1.2903508676979374,211.81727983645294,0.5646630236794171,UNet_1-64
37,68.0,4.060508383754035,0.5964912280701754,0.13994028469988168,0.2774156984981581,0.05809011051289317,-1.5080828450003063,43.21320343559643,0.7010309278350515,UNet_1-64
38,266.0,1.3942769012251581,0.48363636363636364,0.5425367244608704,0.9356571877866596,0.1923732145197222,-0.5347795841890286,81.2842712474619,0.7471910112359551,UNet_1-64
39,1707.0,1.5391134228750376,0.6301218161683277,0.2596657983777422,1.0,0.04243088908217676,-0.36084690367592226,212.34419177103416,0.8984210526315789,UNet_1-64
40,1574.0,1.286540667427892,0.5948601662887377,0.21289592951558883,1.0,0.02662862577270566,0.9995046469704774,178.2020561473032,0.9145845438698431,UNet_1-64
41,2511.0,2.002382988884358,0.5850419384902144,0.18621480850404679,1.0,0.023934573829531812,-0.5916035051430355,272.072113832392,0.8841549295774648,UNet_1-64
42,893.0,2.982267920330461,0.6542124542124542,0.32841882962705743,1.0,0.07215109846688794,-0.03028397658702867,151.98275605729688,0.902020202020202,UNet_1-64
43,212.0,2.0480252804322396,0.5353535353535354,0.5852437089475073,0.9001553139560683,0.2862214333259374,0.6538421109250222,66.18376618407356,0.8688524590163934,UNet_1-64
44,156.0,1.6459908395532192,0.6554621848739496,0.5838191428377105,0.8889730958696476,0.2932929139825692,1.1406221462816266,49.62741699796952,0.9017341040462428,UNet_1-64
45,64.0,2.087575756736754,0.7619047619047619,0.5259510366530915,1.0,0.19622362088115514,1.548419220337844,31.313708498984756,0.9696969696969697,UNet_1-64
46,84.0,1.4574070747668437,0.5384615384615384,0.6102096304799007,1.0,0.22230338446554662,0.6986271505340049,39.00609665440987,0.8484848484848485,UNet_1-64
47,144.0,1.273216499233192,0.5714285714285714,0.6139794685990339,0.988628762541806,0.27759197324414714,-0.30105191948009863,53.798989873223334,0.8089887640449438,UNet_1-64
48,42.0,1.2781022450031507,0.5833333333333334,0.4494027711419015,0.7277591973244147,0.2555183946488294,0.4230484944247004,26.31370849898476,0.8235294117647058,UNet_1-64
49,147.0,1.895505457627225,0.5951417004048583,0.553199920744997,1.0,0.23267492467358553,-1.2644199980166406,49.4558441227157,0.8909090909090909,UNet_1-64
50,875.0,1.8016075453838154,0.5608974358974359,0.41870180655043476,1.0,0.16619362976978871,0.8052625871337865,158.01828996322962,0.8034894398530762,UNet_1-64
51,291.0,1.2215359461773851,0.8083333333333333,0.1505329242255617,0.300697510718628,0.061112177641261915,0.35273166038713466,63.21320343559643,0.9540983606557377,UNet_1-64
52,869.0,2.6006407391754816,0.5448275862068965,0.29093242792443325,1.0,0.044172932330827065,-1.2321235108225994,146.05382386916236,0.8646766169154229,UNet_1-64
53,187.0,3.3592147614737895,0.4495192307692308,0.3030122368357662,1.0,0.07963320463320463,1.3377795985598055,73.11269837220809,0.8165938864628821,UNet_1-64
54,428.0,3.5605666152895896,0.6079545454545454,0.5265345005995106,1.0,0.255418863503222,-1.4079205607042236,117.73401871576772,0.8152380952380952,UNet_1-64
55,274.0,1.8563269985415873,0.5969498910675382,0.3279803646563815,1.0,0.05848527349228611,-0.36851419521343387,73.18376618407356,0.8616352201257862,UNet_1-64
56,258.0,2.4700882151843233,0.5058823529411764,0.5147118606052958,1.0,0.09421338155515371,1.2171641020940602,88.25483399593904,0.7308781869688386,UNet_1-64
57,1087.0,3.130679387510946,0.5359960552268245,0.2661346646364625,1.0,0.05458429366462421,-0.05550164327739472,180.95331880577405,0.8518808777429467,UNet_1-64
58,613.0,2.001476107646241,0.45610119047619047,0.21932515468031974,0.9589785975291456,0.038237341221506876,0.92388565901951,178.30256121069152,0.7421307506053268,UNet_1-64
59,545.0,2.2744946656184957,0.5761099365750528,0.16508417052227445,1.0,0.024301798508553882,-0.1411778031125133,107.49747468305831,0.8804523424878837,UNet_1-64
60,73.0,1.223323570316666,0.7373737373737373,0.41693352835699055,1.0,0.13870166725789287,-0.4076317473617023,30.14213562373095,0.9125,UNet_1-64
61,236.0,2.0137450989357326,0.542528735632184,0.3116597386655417,1.0,0.059137269579863386,-1.4155863264305457,72.52691193458118,0.8489208633093526,UNet_1-64
62,17.0,1.4172981667876499,0.85,0.1643007722411506,0.23673622157761767,0.10124450266679143,-1.112155703496986,12.828427124746192,1.0,UNet_1-64
63,77.0,1.4408180111884452,0.6363636363636364,0.3587646264626463,1.0,0.11893564356435643,-0.7243125615863918,41.520815280171306,0.7857142857142857,UNet_1-64
64,16.0,1.400678992371851,0.8,0.2559947400990099,0.5094059405940594,0.1459158415841584,0.3557887835256419,12.242640687119284,0.9411764705882353,UNet_1-64
65,28.0,1.4398616218244373,0.8,0.2869651697312588,0.4241336633663366,0.15655940594059406,-0.42995908424728807,18.035533905932738,0.9655172413793104,UNet_1-64
66,7.0,2.783611624891224,0.5833333333333334,0.16967821782178216,0.2186881188118812,0.09777227722772278,-1.1780972450961724,7.207106781186548,0.7777777777777778,UNet_1-64
67,83.0,1.1056895499369046,0.7545454545454545,0.30258235670104333,1.0,0.08232163645434891,-0.10384263327696815,31.556349186104043,0.9540229885057471,UNet_1-64
68,140.0,1.497635713741072,0.7291666666666666,0.41948998720504665,1.0,0.06811081024786503,-1.0253208201566424,43.798989873223334,0.9655172413793104,UNet_1-64
69,1426.0,1.717693854098427,0.5773279352226721,0.2592664070531316,1.0,0.04159854677565849,1.399891777598863,254.82947314527271,0.7895902547065338,UNet_1-64
70,67.0,1.7283997088495153,0.6767676767676768,0.09873385118006696,0.16548592188919165,0.04178019981834696,-0.9719127835318662,33.31370849898476,0.8701298701298701,UNet_1-64
71,228.0,4.210825187700871,0.304,0.5617144208129701,1.0,0.18663466863577627,0.8331788553538751,83.91168824543142,0.8113879003558719,UNet_1-64
72,19.0,1.366657058641416,0.76,0.3585307780682329,0.6254349889275546,0.19234419487503954,0.9712989047654826,13.65685424949238,0.95,UNet_1-64
73,59.0,1.1272010623180178,0.7283950617283951,0.5211491742978812,1.0,0.22961730449251247,-0.6478494422404877,26.727922061357855,0.921875,UNet_1-64
74,417.0,1.4515016977908906,0.6177777777777778,0.27475927624434315,1.0,0.031291500664010624,0.6958595123670916,86.29036790187178,0.8948497854077253,UNet_1-64
0,388.0,1.4785340402852298,0.6783216783216783,0.34260825950858703,1.0,0.09234376409054018,-0.54322741740444,77.94112549695429,0.9216152019002375,StarDist_4-0
1,57.0,1.3163334161260714,0.7125,0.4791036414565827,1.0,0.12403361344537815,1.284277185755963,26.727922061357855,0.9193548387096774,StarDist_4-0
2,132.0,1.4483244615674316,0.676923076923077,0.2694328870876179,1.0,0.05117382025136353,0.5395843376994,42.04163056034262,0.9565217391304348,StarDist_4-0
3,51.0,1.2006032993276132,0.796875,0.5134749492554112,1.0,0.2002049880423642,0.9557860347822585,24.48528137423857,0.9272727272727272,StarDist_4-0
4,154.0,1.2640462668804486,0.6875,0.4011569483767189,1.0,0.11130724722957733,-1.04843137289583,44.87005768508881,0.9625,StarDist_4-0
5,212.0,1.994359216912793,0.7681159420289855,0.40952586745997716,1.0,0.07528409090909091,0.08458300724687866,57.21320343559643,0.9380530973451328,StarDist_4-0
6,34.0,1.0932093481561818,0.8095238095238095,0.574865620622873,1.0,0.2824722771426115,-1.504164604370672,19.071067811865476,0.9444444444444444,StarDist_4-0
7,145.0,1.5629636874339743,0.6712962962962963,0.388804561449845,0.8497409326424871,0.16264924532552377,-0.06879741426067275,46.04163056034262,0.9415584415584416,StarDist_4-0
8,69.0,1.6410081291011727,0.71875,0.36896557094907684,1.0,0.0754970445996776,1.3375326885834158,30.727922061357855,0.92,StarDist_4-0
9,45.0,1.347435740511075,0.7142857142857143,0.4888167938931298,0.8381679389312977,0.22137404580152673,0.06702678697262571,23.313708498984763,0.9183673469387755,StarDist_4-0
10,250.0,1.1109518012362247,0.7739938080495357,0.25670071827613733,1.0,0.023714513738456275,1.1633155169057718,56.87005768508881,0.9615384615384616,StarDist_4-0
11,109.0,1.88335900510492,0.6488095238095238,0.41802311520938645,1.0,0.07695578231292517,0.6422271457440645,39.21320343559642,0.956140350877193,StarDist_4-0
12,127.0,1.2576449242153533,0.7559523809523809,0.24167189684768553,0.5026247511011886,0.07144150123695167,1.1193773167125836,39.798989873223334,0.9694656488549618,StarDist_4-0
13,40.0,1.1360754303503109,0.7142857142857143,0.6490950802956921,1.0,0.3991842977313281,-0.14634657874213244,21.899494936611664,0.8888888888888888,StarDist_4-0
14,85.0,1.6883765143548044,0.7264957264957265,0.5335370861551305,1.0,0.23849851224536509,0.22260989836053746,33.55634918610404,0.9340659340659341,StarDist_4-0
15,26.0,1.3493217138597318,0.7428571428571429,0.6164806435394671,1.0,0.28013071895424835,0.10521510167323675,16.48528137423857,0.9629629629629629,StarDist_4-0
16,52.0,1.1283021554960626,0.7222222222222222,0.38885933894698976,0.8866380989481886,0.13108687183482665,-1.1763106268705652,24.727922061357855,0.9454545454545454,StarDist_4-0
17,9.0,1.0,1.0,0.43509500930615075,0.5529801324503312,0.27015971951694584,-0.7853981633974483,8.0,1.0,StarDist_4-0
18,20.0,1.14953406710222,0.8,0.4758333333333333,1.0,0.12968036529680366,-1.1071487177940906,14.242640687119284,0.9090909090909091,StarDist_4-0
19,79.0,1.216174617585728,0.79,0.35656100079292197,1.0,0.10184767913474538,-0.8580640808105755,30.727922061357855,0.9634146341463414,StarDist_4-0
20,29.0,1.388829332782043,0.6904761904761905,0.4270062811202882,1.0,0.1659720519735229,-1.1254033406621722,18.485281374238568,0.8787878787878788,StarDist_4-0
21,136.0,1.42669111795011,0.8242424242424242,0.24061718318790887,1.0,0.05857456578159313,1.3411047218970458,41.55634918610405,0.9714285714285714,StarDist_4-0
22,68.0,1.1686699221773413,0.7555555555555555,0.3479787654972303,0.8018497757847534,0.1412556053811659,-0.15147288253943114,28.142135623730947,0.9577464788732394,StarDist_4-0
23,422.0,1.452145425160375,0.705685618729097,0.46086303868152706,0.9871776707282516,0.08075942193255879,-0.46259122950379383,80.5269119345812,0.9336283185840708,StarDist_4-0
24,277.0,1.224582562658464,0.7289473684210527,0.5688780373803036,0.9719564932512121,0.146769754946927,-0.6953860417647397,62.284271247461895,0.9453924914675768,StarDist_4-0
25,1186.0,1.06935434864431,0.7612323491655969,0.2804867946256733,1.0,0.04243088908217676,-0.25275399442124313,133.63961030678928,0.9510825982357658,StarDist_4-0
26,389.0,1.149297333407058,0.5557142857142857,0.18432720058381527,0.4821343658718837,0.04809455879356022,1.5362628497906365,88.76955262170046,0.8644444444444445,StarDist_4-0
27,814.0,1.267449095601838,0.7096774193548387,0.2758750098265077,1.0,0.045717002920997216,-1.2621207833005212,121.63961030678928,0.9125560538116592,StarDist_4-0
28,1007.0,1.4052798440541567,0.7922895357985837,0.21549684918654652,0.9660364145658263,0.024734893957583035,0.24145439202260313,122.08326112068524,0.965484180249281,StarDist_4-0
29,281.0,1.1760199634682342,0.43364197530864196,0.14832587839406228,0.9430522208883554,0.024409763905562223,-0.4159105030681721,88.42640687119285,0.6904176904176904,StarDist_4-0
30,1118.0,1.3760541581742258,0.69875,0.17286035612814,1.0,0.0234093637454982,-0.8188818540743921,128.46803743153546,0.9613069647463457,StarDist_4-0
31,596.0,1.6502090224281392,0.6898148148148148,0.31236786945900336,1.0,0.07294136241504663,-0.2877269213382378,95.49747468305833,0.956661316211878,StarDist_4-0
32,433.0,1.2728453375066542,0.656060606060606,0.28613705476474405,0.914019282440335,0.06401137980085349,0.11493259661026513,96.08326112068524,0.8185255198487713,StarDist_4-0
33,77.0,1.105491949133138,0.77,0.6531670300143206,0.8889730958696476,0.4079196665403562,0.802694199967932,29.556349186104043,0.9746835443037974,StarDist_4-0
34,74.0,1.914556229962107,0.8131868131868132,0.5024440397450394,1.0,0.19622362088115514,1.489312216015489,32.485281374238575,0.9367088607594937,StarDist_4-0
35,124.0,1.3291716584379445,0.8051948051948052,0.5834719267362874,1.0,0.30465349849347173,-1.5669069080298788,39.55634918610404,0.9465648854961832,StarDist_4-0
36,839.0,1.4386770540825968,0.7264069264069264,0.44181777724153143,1.0,0.13544623147272153,0.9321279894655743,112.32590180780451,0.9621559633027523,StarDist_4-0
37,218.0,1.2310782008203645,0.8014705882352942,0.16613477144650254,0.300697510718628,0.0843412043258463,0.6950751578657706,53.21320343559643,0.9646017699115044,StarDist_4-0
38,535.0,1.9739004245481697,0.7076719576719577,0.336101741893675,1.0,0.07685881370091896,-1.270294508104955,95.01219330881977,0.9419014084507042,StarDist_4-0
39,174.0,1.9738319004082383,0.6541353383458647,0.3916710999339041,1.0,0.0973352033660589,-0.434937980274921,52.04163056034261,0.925531914893617,StarDist_4-0
40,52.0,2.0380129621185237,0.7878787878787878,0.2443663931005703,0.5401446654611212,0.04737793851717902,1.469058472351447,27.65685424949238,0.9122807017543859,StarDist_4-0
41,618.0,1.9349308094908064,0.7070938215102975,0.27148408683523384,1.0,0.042947889144977235,-0.14460525586683823,100.66904755831214,0.9363636363636364,StarDist_4-0
42,412.0,1.514161575753105,0.6866666666666666,0.2605313526904103,0.9200067457417506,0.04244195851368823,0.16946801378004414,93.59797974644667,0.8094302554027505,StarDist_4-0
43,401.0,1.6959175350724098,0.6285266457680251,0.15761101856460294,0.6804419697233339,0.02262049765094832,1.0689396074479451,86.66904755831212,0.8774617067833698,StarDist_4-0
44,273.0,2.5628486392385104,0.5537525354969574,0.11048669444354149,0.5463720201844441,0.026840090481990604,1.2011841108586665,76.97665940288702,0.861198738170347,StarDist_4-0
45,591.0,1.2030524820062662,0.7332506203473945,0.1457321141883331,1.0,0.011463664278403275,-0.27759611746889057,92.66904755831214,0.9410828025477707,StarDist_4-0
46,90.0,1.2883333968294888,0.8333333333333334,0.38368412754719955,1.0,0.12956722241929763,-0.12784318002276474,32.72792206135785,0.967741935483871,StarDist_4-0
47,273.0,1.6757493213479493,0.7109375,0.27679858895354353,1.0,0.059137269579863386,-1.4926668495503097,64.2842712474619,0.934931506849315,StarDist_4-0
48,164.0,2.107546156260117,0.5694444444444444,0.3669539362472833,1.0,0.09814356435643565,-0.9321797781304498,51.870057685088796,0.9213483146067416,StarDist_4-0
49,856.0,1.6169220696776854,0.7027914614121511,0.3364542217355505,1.0,0.053587647593097185,1.3038306295634792,114.5685424949238,0.9553571428571429,StarDist_4-0
50,162.0,2.549820010646036,0.5,0.575503045966402,1.0,0.15119069595717186,0.7901763116083851,53.35533905932738,0.9152542372881356,StarDist_4-0
51,15.0,1.199915289122336,0.75,0.2595557660929523,0.3842570661613769,0.17827254066003473,0.10269769459488373,11.65685424949238,1.0,StarDist_4-0
52,50.0,1.266969362152332,0.78125,0.28467573552673203,0.6254349889275546,0.08921227459664663,0.9476990716372884,23.899494936611667,0.9615384615384616,StarDist_4-0
53,489.0,1.414009104077436,0.7523076923076923,0.2528800951612772,1.0,0.031291500664010624,0.916672244802892,82.76955262170047,0.9607072691552063,StarDist_4-0
0,366.0,1.387105275628637,0.7408906882591093,0.3440228020974855,1.0,0.06889710523942646,-0.2636056769010654,71.35533905932738,0.9581151832460733,StarDist_1-0
1,59.0,1.3062232045933624,0.7375,0.47652471157954707,1.0,0.12403361344537815,1.4307114891854262,27.31370849898476,0.921875,StarDist_1-0
2,122.0,1.4972745340521456,0.6256410256410256,0.28478562570703275,1.0,0.05117382025136353,0.5284337181448789,41.45584412271571,0.9242424242424242,StarDist_1-0
3,71.0,1.089396093951426,0.7888888888888889,0.43144208606610635,1.0,0.10847283908438675,1.158397300247377,28.727922061357855,0.9466666666666667,StarDist_1-0
4,50.0,1.4231757460642966,0.7936507936507936,0.32792018642586657,1.0,0.0806874453830469,-1.185129337716745,23.899494936611667,0.9803921568627451,StarDist_1-0
5,209.0,1.0085253371204592,0.7683823529411765,0.4013418964076859,1.0,0.1292989417989418,-1.4180615114901245,52.04163056034261,0.9631336405529954,StarDist_1-0
6,52.0,2.436619607556487,0.8,0.48518264143264134,0.7686838624338624,0.27744708994708994,1.4736221262285105,28.863961030678926,0.9454545454545454,StarDist_1-0
7,134.0,1.397610880447208,0.7362637362637363,0.43049682449769394,1.0,0.10051976071393547,-0.8723460116335595,41.798989873223334,0.9571428571428572,StarDist_1-0
8,318.0,1.383856473631843,0.7227272727272728,0.33564932302471534,1.0,0.0915382606424654,-0.6923369546934751,69.11269837220809,0.9380530973451328,StarDist_1-0
9,225.0,1.4802669451742254,0.7653061224489796,0.3832128577441078,1.0,0.06699810606060606,0.15013484690359377,55.4558441227157,0.9574468085106383,StarDist_1-0
10,49.0,1.1740556362258383,0.875,0.4929940685979541,1.0,0.15756898478466433,-0.3926990816987243,23.071067811865472,0.98,StarDist_1-0
11,151.0,1.4954667115086824,0.6832579185520362,0.37236326420394783,0.8497409326424871,0.10993466997071412,-0.284892050566303,46.62741699796951,0.9151515151515152,StarDist_1-0
12,66.0,2.1488637870978713,0.7252747252747253,0.2879087361374118,1.0,0.0790634027672191,1.2593731838029607,30.727922061357855,0.9428571428571428,StarDist_1-0
13,87.0,1.231028940471471,0.7909090909090909,0.3683030622093533,0.8381679389312977,0.12557251908396946,0.37761440868597657,32.14213562373095,0.9666666666666667,StarDist_1-0
14,223.0,1.1135826471588117,0.7743055555555556,0.28511968456997244,1.0,0.050108311481016986,-0.5832851757473844,53.4558441227157,0.9570815450643777,StarDist_1-0
15,96.0,1.7718486343792184,0.6233766233766234,0.4308046786422903,1.0,0.09045493197278912,0.6702060280470098,36.62741699796952,0.9320388349514563,StarDist_1-0
16,127.0,1.3569264402859837,0.8246753246753247,0.5007797112718481,1.0,0.14910472056429735,1.31477321539458,40.14213562373095,0.9621212121212122,StarDist_1-0
17,572.0,1.3313215199264246,0.7295918367346939,0.5123769205773605,0.9352488314544954,0.1569975254330492,-0.8601696986789086,91.01219330881977,0.9517470881863561,StarDist_1-0
18,110.0,1.4810135031902623,0.7333333333333333,0.4964501966333049,1.0,0.1847104600595102,0.24682181555118604,38.384776310850235,0.9322033898305084,StarDist_1-0
19,28.0,1.1937911721223955,0.9333333333333333,0.4842183583959899,1.0,0.27110745614035087,1.5707963267948966,16.82842712474619,1.0,StarDist_1-0
20,41.0,1.0092269900958877,0.8367346938775511,0.42473419669919327,0.8866380989481886,0.1782236073237242,0.0,20.48528137423857,1.0,StarDist_1-0
21,43.0,1.1781694153376703,0.7678571428571429,0.32670930685534644,0.5529801324503312,0.15777171795870665,-1.2248462372063267,21.899494936611664,0.9347826086956522,StarDist_1-0
22,27.0,1.2157446573238675,0.75,0.4197108066971081,1.0,0.12968036529680366,-0.8776695619927559,16.485281374238568,0.9642857142857143,StarDist_1-0
23,89.0,1.2446762790441763,0.8090909090909091,0.3338936964216091,1.0,0.08494817485353763,-0.532708863134121,32.72792206135786,0.956989247311828,StarDist_1-0
24,43.0,1.4242409927783295,0.7678571428571429,0.3475173463628226,1.0,0.12343711694042657,-1.079399465171232,21.899494936611667,0.9772727272727273,StarDist_1-0
25,138.0,1.42627717882804,0.8363636363636363,0.23271647266803813,1.0,0.05857456578159313,1.5704941802774592,42.14213562373095,0.9583333333333334,StarDist_1-0
26,31.0,1.2142421541135087,0.7380952380952381,0.4231249095906264,0.8018497757847534,0.16283632286995517,0.21508365067538335,19.071067811865476,0.8857142857142857,StarDist_1-0
27,869.0,1.2434116769200345,0.7376910016977929,0.48182607303418235,1.0,0.07388778690847266,1.5366453693886515,114.91168824543142,0.9384449244060475,StarDist_1-0
28,270.0,1.116596408320743,0.7894736842105263,0.5596907351592191,0.9719564932512121,0.146769754946927,-0.6608003378244335,60.04163056034262,0.9540636042402827,StarDist_1-0
29,541.0,1.286358640492725,0.5817204301075268,0.26390877514729655,0.976742427107363,0.05634761562606361,1.1761982742132102,109.63961030678928,0.7784172661870503,StarDist_1-0
30,793.0,1.25823951629981,0.7595785440613027,0.33218153835280806,1.0,0.06780622470975306,-0.33711382816645125,109.39696961966997,0.9519807923169268,StarDist_1-0
31,1044.0,1.1027142954678801,0.7626004382761139,0.2552457835796908,1.0,0.03749745261870797,0.9653242376103197,121.9827560572969,0.96577243293247,StarDist_1-0
32,792.0,1.4734604851381412,0.49624060150375937,0.15195901592960417,0.6128201280512204,0.027485994397759103,0.7033516699081521,139.43250352560273,0.7313019390581718,StarDist_1-0
33,1269.0,1.4040935439737252,0.7230769230769231,0.24318103916113334,1.0,0.024409763905562223,-0.4819292658164664,137.0538238691624,0.9577358490566038,StarDist_1-0
34,573.0,1.4515816621161828,0.74609375,0.31310767918648874,1.0,0.07064959696538643,-0.24180610638640526,93.01219330881976,0.9424342105263158,StarDist_1-0
35,411.0,1.2626295874665754,0.5708333333333333,0.2910594036218316,0.914019282440335,0.06535482851272326,0.6639010953620998,97.59797974644667,0.7365591397849462,StarDist_1-0
36,136.0,1.4936490621152558,0.7472527472527473,0.6067783447969824,0.9001553139560683,0.2862214333259374,0.7339691075328738,42.384776310850235,0.9577464788732394,StarDist_1-0
37,100.0,1.4095826663920303,0.8333333333333334,0.6256119742326639,0.8889730958696476,0.2932929139825692,1.1209893518454186,35.31370849898475,0.970873786407767,StarDist_1-0
38,99.0,1.4001826215839552,0.7615384615384615,0.44665275487193296,1.0,0.10607182524990744,1.4427245051217286,35.55634918610405,0.9428571428571428,StarDist_1-0
39,176.0,1.199948749398206,0.6875,0.4832312349204241,1.0,0.15266617969320673,0.8938108073002423,50.62741699796952,0.9214659685863874,StarDist_1-0
40,154.0,1.6228493971809046,0.7549019607843137,0.557652424575759,1.0,0.232340140609307,-1.4185232224062259,46.384776310850235,0.9221556886227545,StarDist_1-0
41,636.0,1.5490803882042963,0.7098214285714286,0.48142239318985536,1.0,0.2106590980763166,0.9441082307754887,96.91168824543142,0.9592760180995475,StarDist_1-0
42,222.0,1.0755248111113305,0.8161764705882353,0.16535079906168407,0.300697510718628,0.08043770397389134,0.43539907408760975,52.04163056034262,0.9823008849557522,StarDist_1-0
43,450.0,1.8832859503094368,0.7640067911714771,0.3490097930010211,1.0,0.07685881370091896,-1.3218393627902838,83.69848480983501,0.9533898305084746,StarDist_1-0
44,131.0,2.147594363114512,0.6616161616161617,0.32454783027302114,1.0,0.06724581724581724,1.3063150674553368,45.79898987322333,0.903448275862069,StarDist_1-0
45,232.0,1.7908898823494772,0.8111888111888111,0.5524046522432983,1.0,0.2691857059168131,-1.4582110295816404,59.45584412271571,0.9547325102880658,StarDist_1-0
46,202.0,1.8691544447911328,0.63125,0.36386277477677637,1.0,0.0973352033660589,-0.5514544624870417,56.2842712474619,0.9181818181818182,StarDist_1-0
47,369.0,1.2894789469668626,0.5347826086956522,0.1853752075100154,0.5366799707684524,0.05458429366462421,0.6727320567179218,90.39087296526012,0.7335984095427436,StarDist_1-0
48,608.0,1.5646791154321957,0.7774936061381074,0.32451539020269776,1.0,0.06773849007813817,-0.028994093807872316,93.59797974644667,0.9589905362776026,StarDist_1-0
49,830.0,1.6111408181375753,0.6980656013456686,0.24709686143215634,0.9589785975291456,0.038237341221506876,1.2271303089271304,116.5685424949238,0.9273743016759777,StarDist_1-0
50,533.0,1.3292363283824735,0.7724637681159421,0.1570044554641504,1.0,0.02038309694399766,-0.13617503885762275,86.18376618407356,0.9638336347197106,StarDist_1-0
51,101.0,1.1900024635790936,0.7651515151515151,0.3586439612389761,1.0,0.11032280950691735,-0.14800752694031707,35.55634918610404,0.926605504587156,StarDist_1-0
52,227.0,1.5331155441482887,0.7721088435374149,0.2992033220813793,1.0,0.06793300271357725,-1.4458047846714328,56.04163056034262,0.9497907949790795,StarDist_1-0
53,164.0,1.5756545891102633,0.7288888888888889,0.3588075042260324,1.0,0.09814356435643565,-0.7221813417782709,47.21320343559642,0.9534883720930233,StarDist_1-0
54,120.0,1.0851826853646738,0.7692307692307693,0.2586839625256389,1.0,0.07350740063196408,0.18746349680407057,38.97056274847714,0.9448818897637795,StarDist_1-0
55,156.0,1.4398489455176167,0.6964285714285714,0.3728049444827199,1.0,0.028744011664236617,-0.8943482584506214,46.62741699796952,0.9341317365269461,StarDist_1-0
56,528.0,1.3802710663556579,0.7741935483870968,0.3664961949192194,1.0,0.09373297002724795,1.48076300905909,89.01219330881975,0.9565217391304348,StarDist_1-0
57,341.0,1.0882984007644592,0.5930434782608696,0.2998439168870741,0.8782016348773842,0.053587647593097185,-0.042865396868669206,83.59797974644667,0.7985948477751756,StarDist_1-0
58,80.0,1.4131070601322582,0.47619047619047616,0.5966794351116854,0.96012553073657,0.18663466863577627,1.2714586102471694,38.3492424049175,0.7692307692307693,StarDist_1-0
59,145.0,2.6370134676980412,0.5034722222222222,0.5083765667470861,1.0,0.09174820011076242,0.868348382272463,51.698484809834994,0.8950617283950617,StarDist_1-0
60,27.0,1.219563146098381,0.9,0.21197606891590784,0.3842570661613769,0.10461076898784147,0.21801917366012702,16.242640687119284,1.0,StarDist_1-0
61,50.0,1.3039302974254856,0.7936507936507936,0.545576420251961,1.0,0.22961730449251247,-0.3951997189171604,23.899494936611667,0.9803921568627451,StarDist_1-0
62,417.0,1.311777915512117,0.7554347826086957,0.2758850688373604,1.0,0.059843957503320055,0.9763424862518894,75.35533905932738,0.9675174013921114,StarDist_1-0
